Contributors are sorted by their amount of commits / validated strings.

Contributors:
Jim
Palana
fryshorts
BtbN
John Bradley
Gol-D-Ace
Zachary Lund
Richard Stanway
Colin Edwards
Michael Fabian Dirks
Martell Malone
Christoph Hohmann
HomeWorld
dodgepong
cg2121
derrod
Ryan Foster
Radzaquiel
Socapex
Skyler Lipthay
SuslikV
Arkkis
Cephas Reis
GoaLitiuM
Danni
Jess Mayo
Kris Moore
Carl Fürstenberg
juvester
Anry
CoDEmanX
Ján Mlynek
Manuel Kroeber
sorayuki
Alexandre Vicenzi
Benjamin Klettbach
bl
Bl00drav3n
Blackhive
Charles Ray Shisler III
Jeremiah Senkpiel
John R. Bradley
Kilian von Pflugk
Serge Paquet
shiina424
shousa
Timo Gurr
adray
Andrei Nistor
Andrew Surzhynskyi
Azat Khasanshin
Ben Torell
bootkiller
Brian S. Stephan
Eric Bataille
Joseph El-Khouri
jpk
Kurt Kartaltepe
Lexsus
Lionheart Zhang
paibox
Robin Hielscher
skwerlman
taesheren
Take Vos
Taylor Blau
Warren Turkal
yogpstop
Aarni Koskela
Aesen Vismea
Akagi201
Alexander Uhlmann
Alexandre Biny
Andreas Reischuck
Anthony Catel
Anthony Super
Asgeir Mortensen
Autumin
Aydin Akan
Bernd Buschinski
bla
boombatower
Caitlin Potter
Caleb Anderson
CallumHoward
Cam
CommanderRoot
Copy Liu
cryptonaut
Dan Dascalescu
David Cooper
David McMackins II
dennis
Derrick Lambert
Emil Sayahi
EpicCoder
Ethan Lee
Frank Gehann
Giorgio Pellero
Grigorii Chirkov
Guillermo A. Amaral
Gökberk Yaltıraklı
Haden F
Iblis Lin
Jake Probst
Jamy Timmermans
Jimmy Berry
Jkoan
Joel Bethke
Julian Miller
Kazuki Oishi
ka’imi
Kevin
Kevin Tardif
Lasse Dalegaard
lemmi
Lioncash
Lucian Poston
Lukas Monka
Luke Yelavich
mape
Marc Chambers
Mark Vaughn
Mathias Panzenböck
Matthew McNamara
MedicMomcilo
michael bishop
Michael Hoang
Momcilo Medic
nd
Nicolas F
Night
Olle Kelderman
pantonvich
partouf
Peter SZTANOJEV
pipll
raincomplex
repeat
Ricardo Constantino
Rodrigo Ipince
rpslack
Ryan Sullivan
sam8641
Seth Murphy
Seung-Woo Kim
Simon
Teemu Kauhanen
thekrzos
Thomas McGrew
TotalCaesar659
vic
vividnightmare
wayne wang
Weikardzaena
Will Jamieson
William Casarin
Younes SERRAJ
Ziemas

Translations:
Arabic
    Abdullah AL-Qahtani (Za7ef_SA)
    majdcomp
    ZILZAL
    BWU Wheelman (Wheelman)
    Saleh Luxmaroc (salehoukiki)
    Gol D. Ace (goldace)
    معتصم دعنا (rozana-media)
    chaironeko
    dodgepong
    FC Barcelona HD (kurdnews)
Basque
    Alexander Gabilondo (alexgabi)
    Xabier Aramendi (azpidatziak)
    Osoitz
    txaro
    etxondoko
    Gol D. Ace (goldace)
    dodgepong
Bulgarian
    kalmarin
    Seyhan Halil (yildirim17)
    Viktor Kitov (viktorkitov)
    Stanislav_Evtimov
    Ivan (SKDown)
Catalan
    Jaime Muñoz Martín (jmmartin_5)
    jmontane
    Nil Campamà (Soifam)
    Aleix Vidal i Gaya (leixet)
    Gol D. Ace (goldace)
Chinese Simplified
    Bob Liu (Akagi201)
    PabloLiu (719018105)
    Sasasu
    cai_miao
    David Kuo (s50407s)
    Boyuan Yang (073plan)
    鲜童 (xiananjyzy)
    copyliu
    wwj402_github
    Bing Feng (fengbing123)
    dodgepong
    WaterOtaku
Chinese Traditional
    TzeKei Lee (chikei)
    dodgepong
    Julian_Lai
    Chien-Yu Lin (u900011)
    David Kuo (s50407s)
    You-Ruei Tzeng (e222et)
    Inndy.Lin (inndy)
    Meng Hao Li (GazCore)
    Gol D. Ace (goldace)
    Watson Tsai (ashaneba)
    cai_miao
    Jimmy Huang (f56112000)
    chaironeko
    tomoe-musashi
Croatian
    medicmomcilo
    Gol D. Ace (goldace)
    dodgepong
Czech
    Jirka 'Venty' Michel (VentyCZ)
    Sawanyo
    dodgepong
    Kiznoh
Danish
    Jens Hyllegaard (Hyllegaard)
    Anders G. Jørgensen (spirit55555)
    MaltahlGaming (maltahlgaming)
    NCAA
    Anders Urban (minikaliffen)
    Christian Henriksen (cnhenriksen)
    Gol D. Ace (goldace)
    Johan Keller Jensen (JKeller)
Dutch
    Eric Bataille (ThoNohT)
    Michel Snippe (michelsnippe)
    Nicole (NIsengo)
    Jasper J (JassieJ)
    Gol D. Ace (goldace)
    JorRy
Estonian
    AndresTraks
Finnish
    ArkkisN (j)
    dodgepong
    Jarska
    Jarppi (Jarppi01)
    Gol D. Ace (goldace)
    chaironeko
French
    radzaquiel
    Yberion
    Stéphane Lepin (Palakis)
    Léo (leeo97one)
    DoK_-
    BoboopTeam
    DarkInFire
    Nunzio Conte (nunzioconte54)
    steve_fr
    Grisou2907
    McGuygnol
    Gabriel Dugny (Gabigabigo)
    Gol D. Ace (goldace)
    dodgepong
    chaironeko
Galician
    Xesús M. Mosquera Carregal (xesusmosquera)
    Gol D. Ace (goldace)
    chaironeko
German
    Gol D. Ace (goldace)
    Michael Fabian Dirks (Xaymar)
    dodgepong
    Benjamin Klettbach (benklett)
    Sven Kirschbaum (fallobst22) (fallobst22)
    random31415
    Palana
    Dennis Giebert (Isegrim) (isegrimderwolf)
    Jonathan (macburgerjunior)
    Robin Hielscher (Jack0r)
    BoJustus
    Jonas Otto (jottosmail)
    mdod
    Prince_of_Raop
    Tiim
    Tim (robske_110) (robske110)
    WurstOnAir
Greek
    Mepharees
    Tasos Sahanidis (tatokis)
    Alex Kalles (alexakis1997)
    iosifidis
    chaironeko
    dodgepong
Hebrew
    amirsher
    Chemi
    epic_ziver_D
Hungarian
    Gige
    Adam Liszkai (adamos42)
    dodgepong
    Gol D. Ace (goldace)
Italian
    LordShadow95
    Marocco2
    dodgepong
    Edoardo Macrì (edomacri)
    smart2128
    Edoardo “OfficialDJMela” Macrì (agersforum)
    ScemEnzo
    Fisherozzo
    Gol D. Ace (goldace)
    Sergio Beneduce (sbeneduce)
    SkyLion
Japanese
    shousa
    Kenta (kenta0644)
    dodgepong
    chaironeko
Korean
    Wonjoo Noh (ynetwork)
    Gol D. Ace (goldace)
    antome
Lithuanian
    Justas Vilimas (tyntas)
Malay
    amsyar ZeRo (amsyarminer555)
    dodgepong
Norwegian Bokmal
    Taesh (magnusmbratteng)
    dodgepong
    mgKaiztra
    Tommy (nwgat)
    Oddbjørn Grytdal (Fooshi)
    Decicus
    Gol D. Ace (goldace)
    areedw
    Legend27
    chaironeko
    Mats Andreassen (MatsA)
Pirate English
    Matthew Hatcher (MatthewSH)
    jkcoaster
    Charlie W. (wallichc)
    iltrof
    chaironeko
    Gol D. Ace (goldace)
Polish
    grocal
    Michał Durak (micechal)
    Damian Korcz (damikiller)
    opl
    Gol D. Ace (goldace)
    dodgepong
    Mateusz (Silesianek)
    Michał Lewczak (michal200507)
Portuguese
    André Biscaia (LazP)
    dodgepong
    joaoboia
    Gol D. Ace (goldace)
Portuguese, Brazilian
    Ramon Mendes (rbrgameplays)
    Fabio Madia (Shaolin)
    Burkes
    TFSThiagoBR98
    CaioWzy
    clr0dr1g
    aalonsomb
    André Gama (ToeOficial)
    Gol D. Ace (goldace)
    dodgepong
    ThisGuy
Romanian
    Cristian Silaghi (stelistcristi)
    banrek
    Hisashi
    Gol D. Ace (goldace)
    chaironeko
    dodgepong
Russian
    iltrof
    Alek Nirov (dectanova)
    VNGXR
    dodgepong
    Pavel (Shevalie)
    Maxim Gribanov (MaximGribanov)
    Andy (anry025)
    fromgate
    Gol D. Ace (goldace)
    Andrei Stepanov (adem4ik)
    Vlad (KoTmaxHo)
    Bugo
    Mixaill
    Sergei Fug1t1v3 (fug)
    Walt Gee (vovanych)
    Sigge Stjärnholm (Kladdy)
    Yuri Mihaqlov (yurijmi)
Serbian (Cyrillic)
    medicmomcilo
    Gol D. Ace (goldace)
Serbian (Latin)
    medicmomcilo
    Gol D. Ace (goldace)
    dodgepong
Slovak
    Ján M (longmoped)
    Anton Lokaj (anlo)
    LoLLy Nka (lollynka279)
Slovenian
    kristjan.krusic (krusic22)
    ArcaneWater
    Gol D. Ace (goldace)
    dodgepong
Spanish
    Roberto Lorenzo (HonzoNebro)
    Marcos Vidal Martinez (M4RK22)
    Jaime Martinez Rincon (mrjaime1999)
    Jaime Muñoz Martín (jmmartin_5)
    Maximiliano Schtroumpftech Pena-Roig (som2tokmynam)
    Eleazar Córcoles (MtrElee3)
    Gol D. Ace (goldace)
    Sigge Stjärnholm (Kladdy)
    chaironeko
    dodgepong
    Rodrigo Ipince (ipince)
    Rubén Pérez (RixzZ)
Swedish
    Anton R (FirePhoenix)
    Sigge Stjärnholm (Kladdy)
    Laccy IEST (Laccy)
    Olle Dahström (odahlstrom)
    Gustav Ekner (ekner)
    Gol D. Ace (goldace)
    chaironeko
    Jonas Svensson (jonassanojj99)
Tamil
    Kolappan Nathan (kolappannathan)
Thai
    sakuhanachan* (sakuhanachanloli)
    盛凤阁 (execzero)
    nongnoobjung (kitcharuk_4)
    dodgepong
Turkish
    omer.karagoz (mrkaragoz)
    Ali Kömesöğütlü (Mobile46) (byzlo685)
    Cemal Dursun (cmldrs)
    Savas Tokmak (Laserist)
    Murat Karagöz (anemon_1994)
    gecebekcisi1
    Gol D. Ace (goldace)
    Hydroboost
    mustafaa
Ukrainian
    SuslikV
    Юрій (Devinit)
    Andy (anry025)
    Maksym Tymoshyk (maximillian_)
Vietnamese
    Johnny “max20091” Utah (boostyourprogram)
    Hưng Nguyễn (hoyostudio)
    Hà Phi Hùng (haphihungcom)
    dodgepong
